a_key_0,a_value_0,a_key_1,a_value_1,a_key_2,a_value_2,a_key_3,a_value_3,a_key_4,a_value_4,a_key_5,a_value_5,a_key_6,a_value_6,a_key_7,a_value_7,a_key_8,a_value_8,a_key_9,a_value_9,a_key_10,a_value_10,a_key_11,a_value_11,a_key_12,a_value_12,a_key_13,a_value_13,a_key_14,a_value_14
Niedrist Mitterberg Merlot & Syrah Rosè IGT,"

16,20 €                                                
",1404324196996,"
5 - 10 Workdays

",Manufacturer,Ignaz Niedrist,Rosé,354341,GTIN,1404324196996,Content‍,"
0,75 l",Vintage‍,"
2022",Variety‍,"
Cuvée Rosé",Regions‍,"
Alto Adige",Produced in‍,"
Italy",Allergen information‍,Sulfites,Alcohol content‍,14 Vol. %,Manufacturer address‍,"Via Ronco, 5, 39057 Appiano Sulla Strada del Vino BZ",https://weindiele.com/media/image/product/9890/sm/niedrist-mitterberg-merlot-syrah-rose-igt.jpg
Bozen Kellerei Vino Parzialmente Dealcolato Rosa,"

12,60 €                                                
",1404324170026,"
5 - 10 Workdays

",Manufacturer,Kellerei Bozen,Rosé,353522,GTIN,1404324170026,Content‍,"
0,75 l",Variety‍,"
Cuvée Rosé",Regions‍,"
Alto Adige",Produced in‍,"
Italy",Allergen information‍,Sulfites,Alcohol content‍,9 Vol. %,Manufacturer address‍,"Via San Maurizio, 36, 39100 Bolzano BZ",https://weindiele.com/media/image/product/9056/sm/de-rosewein-bozen-kellerei-teilweise-entalkoholisierter-wein-rosa.jpg
Lentsch Vigneti delle Dolomiti Rosé IGT,"

15,99 €                                                
",1404324163530,"
5 - 10 Workdays

",Manufacturer,H. Lentsch,Rosé,353222,GTIN,1404324163530,Content‍,"
0,75 l",Vintage‍,"
2021",Variety‍,"
Cuvée Rosé",Regions‍,"
Alto Adige",Produced in‍,"
Italy",Allergen information‍,Sulfites,Alcohol content‍,14 Vol. %,Manufacturer address‍,"Reichsstraße, 71, 39051 Branzoll, Südtirol",https://weindiele.com/media/image/product/8840/sm/lentsch-weinberg-dolomiten-rose-igt.jpg
Project XXX Vigneti delle Dolomiti Rosè IGT Tabu!?,"

29,00 €                                                
",1404324158772,"
5 - 10 Workdays

",Manufacturer,Kellerei Kaltern,Rosé,353074,GTIN,1404324158772,Content‍,"
0,75 l",Vintage‍,"
2020",Variety‍,"
Cuvée Rosé",Regions‍,"
Alto Adige",Produced in‍,"
Italy",Allergen information‍,Sulfites,Alcohol content‍,14 Vol. %,Manufacturer address‍,"Via Cantine 12, 39052 Caldaro BZ",https://weindiele.com/media/image/product/8725/sm/project-xxx-weinberg-dolomiten-rose-igt-tabu.jpg
Villscheiderhof Vigneti delle Dolomiti Rosè IGT with Screw Cap,"

10,50 €                                                
",,"
5 - 10 Workdays

",Manufacturer,Villscheiderhof,Rosé,352687,Content‍,"
0,75 l",Vintage‍,"
2020",Variety‍,"
Zweigelt",Regions‍,"
Alto Adige",Produced in‍,"
Italy",Allergen information‍,Sulfites,Alcohol content‍,"12,5 Vol. %",Manufacturer address‍,"Pian di Sotto, 13, 39042 Bressanone BZ",https://weindiele.com/media/image/product/8509/sm/villscheiderhof-weinberg-dolomiten-rose-igt-mit-drehverschluss.jpg
Stachlburg Alto Adige Pinot Nero Rosé DOC ORGANIC,"

15,00 €                                                
",,"
5 - 10 Workdays

",Manufacturer,Stachlburg,Rosé,350988,Content‍,"
0,75 l",Vintage‍,"
2021",Variety‍,"
Pinot Noir Rosè",Regions‍,"
Alto Adige",Produced in‍,"
Italy",Bio-Zertifizierung‍,,Allergen information‍,Sulfites,Alcohol content‍,3 Vol. %,Manufacturer address‍,"Via Peter Mitterhofer, 2, 39020 Parcines BZ",https://weindiele.com/media/image/product/8276/sm/stachlburg-suedtiroler-blauburgunder-rose-doc-bio.jpg
Unterganzner Alto Adige Lagrein Kretzer DOC Spätgelesen,"

16,90 €                                                
",140432108043,"
5 - 10 Workdays

",Manufacturer,Unterganzner,Rosé,108043,GTIN,140432108043,Content‍,"
0,75 l",Vintage‍,"
2022",Variety‍,"
Lagrein Rosé",Regions‍,"
Alto Adige",Produced in‍,"
Italy",Allergen information‍,Sulfites,Alcohol content‍,14 Vol. %,Manufacturer address‍,"Via Campiglio, 15, 39100 Cardano BZ",https://weindiele.com/media/image/product/8179/sm/unterganzner-suedtiroler-lagrein-kretzer-doc-spaetgelesen.jpg
Manincor Vigneti delle Dolomiti Rosé IGT La Rose De Manincor ORGANIC,"

60,00 €                                                
",8032628633799,"
5 - 10 Workdays

",Manufacturer,Manincor  ,Rosé,326405,GTIN,8032628633799,Content‍,"
1,5 l",Vintage‍,"
2021",Regions‍,"
Alto Adige",Produced in‍,"
Italy",Bio-certification‍,,Allergen information‍,Sulfites,Alcohol content‍,"13,5 Vol. %",Manufacturer address‍,"4 San Giuseppe al Lago, Caldaro 39052, Trentino-Südtirol",https://weindiele.com/media/image/product/7522/sm/manincor-weinberg-dolomiten-rose-igt-la-rose-de-manincor-bio-mit-hk.jpg
Kornell Merlot Rosé Merose,"

13,60 €                                                
",8051764561339,"
5 - 10 Workdays

",Manufacturer,Kornell,Rosé,350307,GTIN,8051764561339,Content‍,"
0,75 l",Vintage‍,"
2022",Variety‍,"
Merlot Rosé ",Regions‍,"
Alto Adige",Produced in‍,"
Italy",Allergen information‍,Sulfites,Alcohol content‍,"12,5 Vol. %",Manufacturer address‍,"Via Cosmas e Damiano, 6, 39018 Terlano BZ",https://weindiele.com/media/image/product/7301/sm/kornell-merlot-rose-merose.jpg
Tröpfltalhof Rosémarie Anphora ORGANIC,"

29,00 €                                                
",1404324000736,"
5 - 10 Workdays

",Manufacturer,Tröpfltalhof,Rosé,340463,GTIN,1404324000736,Content‍,"
0,75 l",Vintage‍,"
2021",Variety‍,"
Cuvée Rosé",Regions‍,"
Alto Adige",Produced in‍,"
Italy",Bio-Zertifizierung‍,,Allergen information‍,Sulfites,Alcohol content‍,"13,5 Vol. %",Manufacturer address‍,"Via Garnellen, 17, 39052 Caldaro BZ",https://weindiele.com/media/image/product/7036/sm/troepfltalhof-rosemarie-anphora-bio.jpg
Himmelreich Mitterberg Rosé IGT Morgenrot,"

14,90 €                                                
",1404324005403,"
5 - 10 Workdays

",Manufacturer,Himmelreich-Hof,Rosé,291765,GTIN,1404324005403,Content‍,"
0,75 l",Vintage‍,"
2022",Variety‍,"
Cuvée Rosé",Regions‍,"
Alto Adige",Produced in‍,"
Italy",Allergen information‍,Sulfites,Alcohol content‍,"13,5 Vol. %",Manufacturer address‍,Klostergasse 15a 39020 Kastelbell/Tschars,https://weindiele.com/media/image/product/6769/sm/himmelreich-mitterberg-rose-igt-morgenrot.jpg
Schreckbichl Vigneti delle Dolomiti Rosé IGT Pfefferer Pink,"

10,50 €                                                
",8009219010130,"
5 - 10 Workdays

",Manufacturer,Schreckbichl,Rosé,350237,GTIN,8009219010130,Content‍,"
0,75 l",Vintage‍,"
2022",Variety‍,"
Cuvée Rosé",Regions‍,"
Alto Adige",Produced in‍,"
Italy",Allergen information‍,Sulfites,Alcohol content‍,"12,5 Vol. %",Manufacturer address‍,"Strada del Vino 8, 39057 Cornaiano/Appiano (BZ)",https://weindiele.com/media/image/product/7158/sm/schreckbichl-weinberg-dolomiten-rose-igt-pfefferer-pink.jpg
Thomas Pichler Mitterberg Vernatsch Rosé IGT A Bissl Rosé,"

13,90 €                                                
",140432336529,"
5 - 10 Workdays

",Manufacturer,Thomas Pichler,Rosé,336529,GTIN,140432336529,Content‍,"
0,75 l",Vintage‍,"
2021",Variety‍,"
Schiava",Regions‍,"
Alto Adige",Produced in‍,"
Italy",Allergen information‍,Sulfites,Alcohol content‍,"12,5 Vol. %",Manufacturer address‍,"Via Delle Vigne 4, Caldaro Sulla Strada Del Vino 39052 BZ",https://weindiele.com/media/image/product/6504/sm/thomas-pichler-mitterberg-vernatsch-rose-igt-a-bissl-rose.jpg
Sallegg Vigneti delle Dolomiti Rosé IGT Sallie with Screw Cap,"

14,50 €                                                
",8016897324183,"
5 - 10 Workdays

",Manufacturer,Castel Sallegg,Rosé,335661,GTIN,8016897324183,Content‍,"
0,75 l",Vintage‍,"
2021",Variety‍,"
Cuvée Rosé",Regions‍,"
Alto Adige",Produced in‍,"
Italy",Allergen information‍,Sulfites,Alcohol content‍,"13,5 Vol. %",Manufacturer address‍,"Unterwinkel, 15, 39052 Kaltern, Südtirol",https://weindiele.com/media/image/product/6484/sm/sallegg-weinberg-dolomiten-rose-igt-sallie-mit-drehverschluss.jpg
Peter Sölva Vigneti delle Dolomiti Rosé IGT Perrose Desilva,"

16,00 €                                                
",8014146050890,"
5 - 10 Workdays

",Manufacturer,Peter Sölva,Rosé,326595,GTIN,8014146050890,Content‍,"
0,75 l",Vintage‍,"
2021",Variety‍,"
Cuvée Rosé",Regions‍,"
Alto Adige",Produced in‍,"
Italy",Allergen information‍,Sulfites,Alcohol content‍,"13,5 Vol. %",Manufacturer address‍,"Via dell Oro, 33, 39052 Caldaro BZ",https://weindiele.com/media/image/product/6293/sm/soelva-p-perrose-desilva-2017.jpg
Quirinus Weingut Mitterberg Rosé IGT Planties Rosé ORGANIC,"

13,90 €                                                
",140432330399,"
5 - 10 Workdays

",Manufacturer,St. Quirinus,Rosé,330399,GTIN,140432330399,Content‍,"
0,75 l",Vintage‍,"
2021",Variety‍,"
Cuvée Rosé",Regions‍,"
Alto Adige",Produced in‍,"
Italy",Bio-certification‍,,Allergen information‍,Sulfites,Alcohol content‍,13 Vol. %,Manufacturer address‍,"Pianizza di Sopra, 4b, 39052 Caldaro BZ",https://weindiele.com/media/image/product/6197/sm/quirinus-weingut-planties-rose-bio.jpg
Bessererhof Vigneti delle Dolomiti Zweigelt Rosé IGT Roanse,"

12,90 €                                                
",8059174670801,"
5 - 10 Workdays

",Manufacturer,Bessererhof,Rosé,328617,GTIN,8059174670801,Content‍,"
0,75 l",Vintage‍,"
2021",Variety‍,"
Zweigelt",Regions‍,"
Alto Adige",Produced in‍,"
Italy",Allergen information‍,Sulfites,Alcohol content‍,13 Vol. %,Manufacturer address‍,"Völser Straße, Strada di Fié, 15, 39050 Völs am Schlern Fiè allo Sciliar",https://weindiele.com/media/image/product/6114/sm/rosewein-bessererhof-weinberg-dolomiten-zweigelt-rose-igt-roanse.jpg
St. Pauls Kellerei Alto Adige Lagrein Kretzer DOC,"

9,90 €                                                
",8006884070698,"
5 - 10 Workdays

",Manufacturer,Kellerei St. Pauls,Rosé,325902,GTIN,8006884070698,Content‍,"
0,75 l",Vintage‍,"
2021",Variety‍,"
Lagrein Rosé",Regions‍,"
Alto Adige",Produced in‍,"
Italy",Allergen information‍,Sulfites,Alcohol content‍,12 Vol. %,Manufacturer address‍,"Schloss-Warth-Weg 21, 39057 San Paolo BZ",https://weindiele.com/media/image/product/6041/sm/stpauls-lagrein-rose.jpg
Pfannenstielhof Mitterberg Lagrein Rosé IGT,"

17,90 €                                                
",140432316901,"
5 - 10 Workdays

",Manufacturer,Pfannenstielhof,Rosé,316901,GTIN,140432316901,Content‍,"
0,75 l",Vintage‍,"
2021",Variety‍,"
Lagrein Rosé",Regions‍,"
Alto Adige",Produced in‍,"
Italy",Allergen information‍,Sulfites,Alcohol content‍,14 Vol. %,Manufacturer address‍,"Via Pfannestiel, 9, 39100 Bolzano BZ",https://weindiele.com/media/image/product/5754/sm/de-rosewein-pfannenstielhof-mitterberg-lagrein-rose-igt.jpg
Stroblhof Alto Adige Blauburgunder Rosé DOC Pinot Rosé,"

18,60 €                                                
",140432277897,"
5 - 10 Workdays

",Manufacturer,Stroblhof,Rosé,277897,GTIN,140432277897,Content‍,"
0,75 l",Vintage‍,"
2021",Variety‍,"
Pinot Noir Rosè",Regions‍,"
Alto Adige",Produced in‍,"
Italy",Extra‍,"
Vinum Hotels",Allergen information‍,Sulfites,Alcohol content‍,"13,5 Vol. %",Manufacturer address‍,"Via Piganò, 25, 39057 Appiano sulla strada del vino BZ",https://weindiele.com/media/image/product/5708/sm/rosewein-stroblhof-suedtiroler-blauburgunder-rose-doc-pinot-rose.jpg
Eppan Alto Adige Blauburgunder Rosé DOC Fallwind,"

13,10 €                                                
",8004312207005,"
5 - 10 Workdays

",Manufacturer,St.Michael - Eppan,Rosé,317610,GTIN,8004312207005,Content‍,"
0,75 l",Vintage‍,"
2022",Variety‍,"
Pinot Noir Rosè",Regions‍,"
Alto Adige",Produced in‍,"
Italy",Allergen information‍,Sulfites,Alcohol content‍,"13,5 Vol. %",Manufacturer address‍,"Via Circonvallazione, 17-19, 39057 Appiano sulla strada del vino BZ",https://weindiele.com/media/image/product/5643/sm/rosewein-eppan-suedtiroler-blauburgunder-rose-doc.jpg
Girlan Vigneti delle Dolomiti Rosé IGT 448 s.l.m.,"

8,10 €                                                
",8007813610572,"
5 - 10 Workdays

",Manufacturer,Kellerei Girlan,Rosé,275115,GTIN,8007813610572,Content‍,"
0,75 l",Vintage‍,"
2022",Variety‍,"
Cuvée Rosé",Regions‍,"
Alto Adige",Produced in‍,"
Italy",Allergen information‍,Sulfites,Alcohol content‍,"13,5 Vol. %",Manufacturer‍,"Cantina Girlan - Via San Martino 24, I-39057 Cornaiano (BZ), South Tyrol",Manufacturer address‍,"Via S. Martino, 24, 39057 Cornaiano BZ",https://weindiele.com/media/image/product/3706/sm/rosewein-girlan-weinberg-dolomiten-rose-igt-448-slm.jpg
Kaltern Vigneti delle Dolomiti Rosé IGT K with Screw Cap,"

10,50 €                                                
",8001634200332,"
5 - 10 Workdays

",Manufacturer,Kellerei Kaltern,Rosé,296327,GTIN,8001634200332,Content‍,"
0,75 l",Vintage‍,"
2022",Variety‍,"
Cuvée Rosé",Regions‍,"
Alto Adige",Produced in‍,"
Italy",Allergen information‍,Sulfites,Alcohol content‍,"12,5 Vol. %",Manufacturer‍,"Kellerei Kaltern - Via Cantine 12, I-39052 Caldaro, South Tyrol",Manufacturer address‍,"Via Cantine 12, 39052 Caldaro BZ",https://weindiele.com/media/image/product/3891/sm/rosewein-kaltern-weinberg-dolomiten-rose-igt.jpg
Kurtatsch Alto Adige Blauburgunder Rosé DOC Pinosé,"

13,50 €                                                
",8000861750382,"
5 - 10 Workdays

",Manufacturer,Kellerei Kurtatsch,Rosé,306514,GTIN,8000861750382,Content‍,"
0,75 l",Vintage‍,"
2021",Variety‍,"
Pinot Noir Rosè",Regions‍,"
Alto Adige",Produced in‍,"
Italy",Allergen information‍,Sulfites,Alcohol content‍,"13,5 Vol. %",Manufacturer‍,"Kellerei Kurtatsch - Strada del Vino, 23, 39040 Cortaccia sulla strada del vino (BZ), South Tyrol",Manufacturer address‍,"Via del Vino, 23, 39040 Cortaccia sulla strada del vino BZ",https://weindiele.com/media/image/product/4696/sm/rosewein-kurtatsch-suedtiroler-blauburgunder-rose-doc-pinose.jpg
Reyter Vino Rosso Lakrez ORGANIC with Glass Stopper,"

17,30 €                                                
",140432303677,"
5 - 10 Workdays

",Manufacturer,Reyterhof,Rosé,303677,GTIN,140432303677,Content‍,"
0,75 l",Variety‍,"
Lagrein Rosé",Regions‍,"
Alto Adige",Vintage‍,"
2018",Produced in‍,"
Italy",Bio-certification‍,,Allergen information‍,Sulfites,Alcohol content‍,13 Vol. %,Manufacturer address‍,"Eisenkeller Weg 14/b, I-39100 Bozen | Südtirol",https://weindiele.com/media/image/product/4488/sm/rosewein-reyter-hof-rotwein-lakrez-bio.jpg
Schreckbichl Alto Adige Lagrein Rosé DOC,"

10,90 €                                                
",8009219010185,"
5 - 10 Workdays

",Manufacturer,Schreckbichl,Rosé,277442,GTIN,8009219010185,Content‍,"
0,75 l",Vintage‍,"
2022",Variety‍,"
Lagrein Rosé",Regions‍,"
Alto Adige",Produced in‍,"
Italy",Allergen information‍,Sulfites,Alcohol content‍,13 Vol. %,Manufacturer address‍,"Strada del Vino 8, 39057 Cornaiano/Appiano (BZ)",https://weindiele.com/media/image/product/2975/sm/rosewein-schreckbichl-suedtiroler-lagrein-rose-doc.jpg
Tramin Kellerei Alto Adige Lagrein Rosé DOC,"

11,20 €                                                
",8013365097006,"
5 - 10 Workdays

",Manufacturer,Kellerei Tramin,Rosé,303149,GTIN,8013365097006,Content‍,"
0,75 l",Vintage‍,"
2022",Variety‍,"
Lagrein Rosé",Regions‍,"
Alto Adige",Produced in‍,"
Italy",Allergen information‍,Sulfites,Alcohol content‍,13 Vol. %,Manufacturer address‍,"Str. del Vino, 144, 39040 Termeno BZ",https://weindiele.com/media/image/product/4477/sm/rosewein-tramin-kellerei-suedtiroler-lagrein-rose-doc.jpg
Bozen Kellerei Vigneti delle Dolomiti Rosé IGT Pischl with Screw Cap,"

10,00 €                                                
",8029371703176,"
5 - 10 Workdays

",Manufacturer,Kellerei Bozen,Rosé,261073,GTIN,8029371703176,Content‍,"
0,75 l",Vintage‍,"
2021",Variety‍,"
Lagrein Rosé",Regions‍,"
Alto Adige",Produced in‍,"
Italy",Allergen information‍,Sulfites,Alcohol content‍,13 Vol. %,Manufacturer address‍,"Via San Maurizio, 36, 39100 Bolzano BZ",https://weindiele.com/media/image/product/1712/sm/rosewein-bozen-kellerei-weinberg-dolomiten-rose-igt-pischl.jpg
Terlan Alto Adige Lagrein Rosé DOC Tradition,"

14,20 €                                                
",8021507711604,"
5 - 10 Workdays

",Manufacturer,Kellerei Terlan,Rosé,285403,GTIN,8021507711604,Content‍,"
0,75 l",Vintage‍,"
2022",Variety‍,"
Lagrein Rosé",Regions‍,"
Alto Adige",Produced in‍,"
Italy",Allergen information‍,Sulfites,Alcohol content‍,13 Vol. %,Manufacturer address‍,"Via Silberleiten, 7, 39018 Terlano BZ",https://weindiele.com/media/image/product/2752/sm/rosewein-terlan-suedtiroler-lagrein-rose-doc-tradition.jpg
Viribus Rosé Flaschenpost with Screw Cap,"

9,00 €                                                
",140432277376,"
5 - 10 Workdays

",Manufacturer,Kiemberger,Rosé,277376,GTIN,140432277376,Content‍,"
0,5 l",Variety‍,"
Cuvée Rosé",Regions‍,"
Alto Adige",Vintage‍,"
2018",Produced in‍,"
Italy",Allergen information‍,Sulfites,Alcohol content‍,"14,5 Vol. %",Manufacturer address‍,"Via Principale, 23, 39018 Terlano BZ",https://weindiele.com/media/image/product/2326/sm/rosewein-viribus-rose-flaschenpost.jpg
Larcherhof Alto Adige Lagrein Kretzer Rosé DOC,"

11,00 €                                                
",8054615970021,"
5 - 10 Workdays

",Manufacturer,Larcherhof,Rosé,269290,GTIN,8054615970021,Content‍,"
0,75 l",Vintage‍,"
2021",Variety‍,"
Lagrein Rosé",Regions‍,"
Alto Adige",Produced in‍,"
Italy",Allergen information‍,Sulfites,Alcohol content‍,"12,5 Vol. %",Manufacturer address‍,"Via Rencio, 82, 39100 Bolzano BZ",https://weindiele.com/media/image/product/2023/sm/rosewein-larcherhof-suedtiroler-lagrein-kretzer-rose-doc.jpg
Castelfeder Alto Adige Lagrein Rosato DOC,"

12,70 €                                                
",8002237105017,"
5 - 10 Workdays

",Manufacturer,Castelfeder,Rosé,264960,GTIN,8002237105017,Content‍,"
0,75 l",Vintage‍,"
2021",Variety‍,"
Lagrein Rosé",Regions‍,"
Alto Adige",Produced in‍,"
Italy",Allergen information‍,Sulfites,Alcohol content‍,13 Vol. %,Manufacturer address‍,Via F.-Harpf-Straße 15 – 39040 Kurtinig a. d. Weinstraße/Cortina s.S.d.V.,https://weindiele.com/media/image/product/1853/sm/rosewein-castelfeder-suedtiroler-lagrein-rosato-doc.jpg
Egger Ramer Alto Adige Lagrein Kretzer DOC with Screwcap,"

11,90 €                                                
",8033210880195,"
5 - 10 Workdays

",Manufacturer,Egger - Ramer,Rosé,97782,GTIN,8033210880195,Content‍,"
0,75 l",Vintage‍,"
2022",Variety‍,"
Lagrein Rosé",Regions‍,"
Alto Adige",Produced in‍,"
Italy",Allergen information‍,Sulfites,Alcohol content‍,13 Vol. %,Manufacturer address‍,"Via Guncina, 5, 39100 Bolzano BZ",https://weindiele.com/media/image/product/653/sm/rosewein-egger-ramer-suedtiroler-lagrein-kretzer-doc.jpg
Elena Walch Vigneti delle Dolomiti Rosé IGT 20/26,"

16,60 €                                                
",8000905005010,"
5 - 10 Workdays

",Manufacturer,Elena Walch,Rosé,214148,GTIN,8000905005010,Content‍,"
0,75 l",Vintage‍,"
2022",Variety‍,"
Cuvée Rosé",Regions‍,"
Alto Adige",Produced in‍,"
Italy",Allergen information‍,Sulfites,Alcohol content‍,13 Vol. %,Manufacturer address‍,"Via Andreas Hofer, 1, 39040 Termeno sulla Strada del Vino BZ",https://weindiele.com/media/image/product/1340/sm/rosewein-elena-walch-weinberg-dolomiten-rose-igt-20-26.jpg
Hofstätter Alto Adige Lagrein Rosé DOC,"

11,90 €                                                
",8012183000106,"
5 - 10 Workdays

",Manufacturer,Hofstätter,Rosé,107904,GTIN,8012183000106,Content‍,"
0,75 l",Vintage‍,"
2021",Variety‍,"
Lagrein Rosé",Regions‍,"
Alto Adige",Produced in‍,"
Italy",Allergen information‍,Sulfites,Alcohol content‍,13 Vol. %,Manufacturer address‍,"Piazza Municipio, 7, 39040 Termeno sulla Strada del Vino BZ",https://weindiele.com/media/image/product/732/sm/rosewein-hofstaetter-suedtiroler-lagrein-rose-doc.jpg
Klosterhof Alto Adige Blauburgunder Rosé DOC Summer,"

13,51 €                                                
",140432217166,"
5 - 10 Workdays

",Manufacturer,Klosterhof,Rosé,217166,GTIN,140432217166,Content‍,"
0,75 l",Vintage‍,"
2021",Variety‍,"
Pinot Noir Rosè",Regions‍,"
Alto Adige",Produced in‍,"
Italy",Extra‍,"
Vinum Hotels",Allergen information‍,Sulfites,Alcohol content‍,13 Vol. %,Manufacturer address‍,"Via Klavenz, 40, 39052 Caldaro sulla Strada del Vino BZ",https://weindiele.com/media/image/product/1363/sm/rosewein-klosterhof-suedtiroler-blauburgunder-rose-doc-summer.jpg
Kobler Alto Adige Merlot Kretzer DOC Kotzner with Screw Cap,"

14,90 €                                                
",8055748635078,"
5 - 10 Workdays

",Manufacturer,Armin Kobler,Rosé,195701,GTIN,8055748635078,Content‍,"
0,75 l",Vintage‍,"
2020",Variety‍,"
Merlot Rosé ",Regions‍,"
Alto Adige",Produced in‍,"
Italy",Allergen information‍,Sulfites,Alcohol content‍,"14,5 Vol. %",Manufacturer address‍,"Weinstraße 36, 39040 Magre' sulla strada del vino BZ",https://weindiele.com/media/image/product/1162/sm/rosewein-kobler-suedtiroler-merlot-kretzer-doc-kotzner.jpg
Lageder Alto Adige Lagrein Rosé DOC,"

12,80 €                                                
",8000395061015,"
5 - 10 Workdays

",Manufacturer,Alois Lageder,Rosé,122267,GTIN,8000395061015,Content‍,"
0,75 l",Vintage‍,"
2022",Variety‍,"
Lagrein Rosé",Regions‍,"
Alto Adige",Produced in‍,"
Italy",Allergen information‍,Sulfites,Alcohol content‍,11 Vol. %,Manufacturer address‍,"Vicolo dei Conti, 9, 39040 Magré Sulla Strada del Vino BZ",https://weindiele.com/media/image/product/801/sm/rosewein-lageder-suedtiroler-lagrein-rose-doc.jpg
Manincor Vigneti delle Dolomiti Rosé IGT La Rose De Manincor ORGANIC,"

20,00 €                                                
",8032628633522,"
5 - 10 Workdays

",Manufacturer,Manincor  ,Rosé,67918,GTIN,8032628633522,Content‍,"
0,75 l",Vintage‍,"
2022",Variety‍,"
Cuvée Rosé",Regions‍,"
Alto Adige",Produced in‍,"
Italy",Bio-certification‍,,Allergen information‍,Sulfites,Alcohol content‍,"13,5 Vol. %",Manufacturer address‍,"4 San Giuseppe al Lago, Caldaro 39052, Trentino-Südtirol",https://weindiele.com/media/image/product/251/sm/de-rosewein-manincor-weinberg-dolomiten-rose-igt-la-rose-de-manincor-bio.jpg
Meraner Kellerei Rosé Rosalie,"

10,50 €                                                
",8028677430014,"
5 - 10 Workdays

",Manufacturer,Meran Burggräfler Kellerei,Rosé,60525,GTIN,8028677430014,Content‍,"
0,75 l",Vintage‍,"
2022",Variety‍,"
Cuvée Rosé",Regions‍,"
Alto Adige",Produced in‍,"
Italy",Allergen information‍,Sulfites,Alcohol content‍,"13,5 Vol. %",Manufacturer address‍,"Via Cantina 9, 39020 Marlengo (BZ)",https://weindiele.com/media/image/product/102/sm/de-rosewein-meraner-kellerei-rose-rosalie.jpg
Muri Gries Alto Adige Lagrein Kretzer DOC,"

11,90 €                                                
",8013598240750,"
5 - 10 Workdays

",Manufacturer,Kellerei Muri Gries,Rosé,61820,GTIN,8013598240750,Content‍,"
0,75 l",Vintage‍,"
2022",Variety‍,"
Lagrein Rosé",Regions‍,"
Alto Adige",Produced in‍,"
Italy",Allergen information‍,Sulfites,Alcohol content‍,13 Vol. %,Manufacturer address‍,"21 Piazza Gries, Bozen 39100, Trentino-Südtirol",https://weindiele.com/media/image/product/183/sm/de-rosewein-muri-gries-suedtiroler-lagrein-kretzer-doc.jpg
Nals Vigneti delle Dolomiti Rosé IGT Rosé,"

12,50 €                                                
",8019356001236,Notify me when this item is available,Manufacturer,Nals Margreid Kellerei,Rosé,261693,GTIN,8019356001236,Content‍,"
0,75 l",Vintage‍,"
2021",Variety‍,"
Cuvée Rosé",Regions‍,"
Alto Adige",Produced in‍,"
Italy",Allergen information‍,Sulfites,Alcohol content‍,"13,5 Vol. %",Manufacturer address‍,"Via Heiligenberg, 2, 39010 Nalles BZ",https://weindiele.com/media/image/product/1721/sm/rosewein-nals-suedtiroler-lagrein-rose-doc-rose.jpg
Nusserhof Mitterberg Lagrein Rosé IGT ORGANIC,"

17,00 €                                                
",140432168740,"
5 - 10 Workdays

",Manufacturer,Nusserhof,Rosé,168740,GTIN,140432168740,Content‍,"
0,75 l",Vintage‍,"
2021",Variety‍,"
Lagrein Rosé",Regions‍,"
Alto Adige",Produced in‍,"
Italy",Bio-certification‍,,Allergen information‍,Sulfites,Alcohol content‍,13 Vol. %,Manufacturer address‍,"Via Josef Mayr Nusser, 72, 39100 Bolzano BZ",https://weindiele.com/media/image/product/1008/sm/rosewein-nusserhof-mitterberg-lagrein-rose-igt-bio.jpg
Rottensteiner Alto Adige Lagrein Rosé DOC,"

11,10 €                                                
",8028393407512,Notify me when this item is available,Manufacturer,Rottensteiner,Rosé,209221,GTIN,8028393407512,Content‍,"
0,75 l",Vintage‍,"
2021",Variety‍,"
Lagrein Rosé",Regions‍,"
Alto Adige",Produced in‍,"
Italy",Allergen information‍,Sulfites,Alcohol content‍,"13,5 Vol. %",Manufacturer address‍,"Via Sarentino, 1A, 39100 Bolzano BZ",https://weindiele.com/media/image/product/1314/sm/rosewein-rottensteiner-suedtiroler-lagrein-rose-doc.jpg
Schmid Alto Adige Lagrein Kretzer DOC Nora,"

13,70 €                                                
",8054956860876,"
5 - 10 Workdays

",Manufacturer,Schmid Oberrautner,Rosé,68064,GTIN,8054956860876,Content‍,"
0,75 l",Vintage‍,"
2021",Variety‍,"
Lagrein Rosé",Regions‍,"
Alto Adige",Produced in‍,"
Italy",Allergen information‍,Sulfites,Alcohol content‍,14 Vol. %,Manufacturer address‍,"Via Fago, 50 C, 39100 Bolzano BZ",https://weindiele.com/media/image/product/261/sm/de-rosewein-schmid-suedtiroler-lagrein-kretzer-doc-grieser.jpg
St. Pauls Kellerei Alto Adige Merlot Rosé DOC Meris,"

11,30 €                                                
",8006884071695,"
5 - 10 Workdays

",Manufacturer,Kellerei St. Pauls,Rosé,208074,GTIN,8006884071695,Content‍,"
0,75 l",Vintage‍,"
2021",Variety‍,"
Merlot Rosé ",Regions‍,"
Alto Adige",Produced in‍,"
Italy",Allergen information‍,Sulfites,Alcohol content‍,13 Vol. %,Manufacturer address‍,"Schloss-Warth-Weg 21, 39057 San Paolo BZ",https://weindiele.com/media/image/product/1292/sm/rosewein-st-pauls-kellerei-suedtiroler-merlot-rose-doc-meris.jpg
Tramin Kellerei Vigneti delle Dolomiti Rosé IGT -T-,"

7,70 €                                                
",8013365337003,Notify me when this item is available,Manufacturer,Kellerei Tramin,Rosé,263855,GTIN,8013365337003,Content‍,"
0,75 l",Vintage‍,"
2021",Variety‍,"
Cuvée Rosé",Regions‍,"
Alto Adige",Produced in‍,"
Italy",Allergen information‍,Sulfites,Alcohol content‍,13 Vol. %,Manufacturer address‍,"Str. del Vino, 144, 39040 Termeno BZ",https://weindiele.com/media/image/product/1806/sm/rosewein-tramin-kellerei-weinberg-dolomiten-rose-igt-t-.jpg
Unterganzner Alto Adige Lagrein Kretzer DOC,"

15,50 €                                                
",140432097717,"
5 - 10 Workdays

",Manufacturer,Unterganzner,Rosé,97717,GTIN,140432097717,Content‍,"
0,75 l",Vintage‍,"
2022",Variety‍,"
Lagrein Rosé",Regions‍,"
Alto Adige",Produced in‍,"
Italy",Allergen information‍,Sulfites,Alcohol content‍,14 Vol. %,Manufacturer address‍,"Via Campiglio, 15, 39100 Cardano BZ",https://weindiele.com/media/image/product/650/sm/rosewein-unterganzner-suedtiroler-lagrein-kretzer-doc.jpg
