website_product,images

https://weindiele.com/Niedrist-Mitterberg-Merlot-Syrah-Rose-IGT_2,https://weindiele.com/media/image/product/9890/sm/niedrist-mitterberg-merlot-syrah-rose-igt.jpg

https://weindiele.com/en/Bozen-Kellerei-Vino-Parzialmente-Dealcolato-Rosa,https://weindiele.com/media/image/product/9056/sm/de-rosewein-bozen-kellerei-teilweise-entalkoholisierter-wein-rosa.jpg

https://weindiele.com/Lentsch-Vigneti-delle-Dolomiti-Rose-IGT_1,https://weindiele.com/media/image/product/8840/sm/lentsch-weinberg-dolomiten-rose-igt.jpg

https://weindiele.com/Project-XXX-Vigneti-delle-Dolomiti-Rose-IGT-Tabu_1,https://weindiele.com/media/image/product/8725/sm/project-xxx-weinberg-dolomiten-rose-igt-tabu.jpg

https://weindiele.com/Villscheiderhof-Vigneti-delle-Dolomiti-Rose-IGT-with-Screw-Cap,https://weindiele.com/media/image/product/8509/sm/villscheiderhof-weinberg-dolomiten-rose-igt-mit-drehverschluss.jpg

https://weindiele.com/Stachlburg-Alto-Adige-Pinot-Nero-Rose-DOC-ORGANIC,https://weindiele.com/media/image/product/8276/sm/stachlburg-suedtiroler-blauburgunder-rose-doc-bio.jpg

https://weindiele.com/Unterganzner-Alto-Adige-Lagrein-Kretzer-DOC-Spaetgelesen_1,https://weindiele.com/media/image/product/8179/sm/unterganzner-suedtiroler-lagrein-kretzer-doc-spaetgelesen.jpg

https://weindiele.com/Manincor-Vigneti-delle-Dolomiti-Rose-IGT-La-Rose-De-Manincor-ORGANIC,https://weindiele.com/media/image/product/7522/sm/manincor-weinberg-dolomiten-rose-igt-la-rose-de-manincor-bio-mit-hk.jpg

https://weindiele.com/Kornell-Merlot-Rose-Merose_2,https://weindiele.com/media/image/product/7301/sm/kornell-merlot-rose-merose.jpg

https://weindiele.com/Troepfltalhof-Rosemarie-Anphora-ORGANIC,https://weindiele.com/media/image/product/7036/sm/troepfltalhof-rosemarie-anphora-bio.jpg

https://weindiele.com/Himmelreich-Mitterberg-Rose-IGT-Morgenrot_2,https://weindiele.com/media/image/product/6769/sm/himmelreich-mitterberg-rose-igt-morgenrot.jpg

https://weindiele.com/Schreckbichl-Vigneti-delle-Dolomiti-Rose-IGT-Pfefferer-Pink_1,https://weindiele.com/media/image/product/7158/sm/schreckbichl-weinberg-dolomiten-rose-igt-pfefferer-pink.jpg

https://weindiele.com/Thomas-Pichler-Mitterberg-Vernatsch-Rose-IGT-A-Bissl-Rose_2,https://weindiele.com/media/image/product/6504/sm/thomas-pichler-mitterberg-vernatsch-rose-igt-a-bissl-rose.jpg

https://weindiele.com/Sallegg-Vigneti-delle-Dolomiti-Rose-IGT-Sallie-with-Screw-Cap,https://weindiele.com/media/image/product/6484/sm/sallegg-weinberg-dolomiten-rose-igt-sallie-mit-drehverschluss.jpg

https://weindiele.com/soelva-p-perrose-desilva-2017_2,https://weindiele.com/media/image/product/6293/sm/soelva-p-perrose-desilva-2017.jpg

https://weindiele.com/quirinus-weingut-planties-rose-bio_2,https://weindiele.com/media/image/product/6197/sm/quirinus-weingut-planties-rose-bio.jpg

https://weindiele.com/en/Bessererhof-Vigneti-delle-Dolomiti-Zweigelt-Rose-IGT-Roanse,https://weindiele.com/media/image/product/6114/sm/rosewein-bessererhof-weinberg-dolomiten-zweigelt-rose-igt-roanse.jpg

https://weindiele.com/stpauls-lagrein-rose_2,https://weindiele.com/media/image/product/6041/sm/stpauls-lagrein-rose.jpg

https://weindiele.com/en/Pfannenstielhof-Mitterberg-Lagrein-Rose-IGT,https://weindiele.com/media/image/product/5754/sm/de-rosewein-pfannenstielhof-mitterberg-lagrein-rose-igt.jpg

https://weindiele.com/en/Stroblhof-Alto-Adige-Blauburgunder-Rose-DOC-Pinot-Rose,https://weindiele.com/media/image/product/5708/sm/rosewein-stroblhof-suedtiroler-blauburgunder-rose-doc-pinot-rose.jpg

https://weindiele.com/en/Eppan-Alto-Adige-Blauburgunder-Rose-DOC,https://weindiele.com/media/image/product/5643/sm/rosewein-eppan-suedtiroler-blauburgunder-rose-doc.jpg

https://weindiele.com/en/Girlan-Vigneti-delle-Dolomiti-Rose-IGT-448-slm,https://weindiele.com/media/image/product/3706/sm/rosewein-girlan-weinberg-dolomiten-rose-igt-448-slm.jpg

https://weindiele.com/en/Kaltern-Vigneti-delle-Dolomiti-Rose-IGT,https://weindiele.com/media/image/product/3891/sm/rosewein-kaltern-weinberg-dolomiten-rose-igt.jpg

https://weindiele.com/en/Kurtatsch-Alto-Adige-Blauburgunder-Rose-DOC-Pinose,https://weindiele.com/media/image/product/4696/sm/rosewein-kurtatsch-suedtiroler-blauburgunder-rose-doc-pinose.jpg

https://weindiele.com/en/Reyter-Hof-Vino-Rosso-Lakrez-ORGANIC,https://weindiele.com/media/image/product/4488/sm/rosewein-reyter-hof-rotwein-lakrez-bio.jpg

https://weindiele.com/en/Schreckbichl-Alto-Adige-Lagrein-Rose-DOC,https://weindiele.com/media/image/product/2975/sm/rosewein-schreckbichl-suedtiroler-lagrein-rose-doc.jpg

https://weindiele.com/en/Tramin-Kellerei-Alto-Adige-Lagrein-Rose-DOC,https://weindiele.com/media/image/product/4477/sm/rosewein-tramin-kellerei-suedtiroler-lagrein-rose-doc.jpg

https://weindiele.com/en/Bozen-Kellerei-Vigneti-delle-Dolomiti-Rose-IGT-Pischl,https://weindiele.com/media/image/product/1712/sm/rosewein-bozen-kellerei-weinberg-dolomiten-rose-igt-pischl.jpg

https://weindiele.com/en/Terlan-Alto-Adige-Lagrein-Rose-DOC-Tradition,https://weindiele.com/media/image/product/2752/sm/rosewein-terlan-suedtiroler-lagrein-rose-doc-tradition.jpg

https://weindiele.com/en/Viribus-Rose-Flaschenpost,https://weindiele.com/media/image/product/2326/sm/rosewein-viribus-rose-flaschenpost.jpg

https://weindiele.com/en/Larcherhof-Alto-Adige-Lagrein-Kretzer-Rose-DOC,https://weindiele.com/media/image/product/2023/sm/rosewein-larcherhof-suedtiroler-lagrein-kretzer-rose-doc.jpg

https://weindiele.com/en/Castelfeder-Alto-Adige-Lagrein-Rosato-DOC,https://weindiele.com/media/image/product/1853/sm/rosewein-castelfeder-suedtiroler-lagrein-rosato-doc.jpg

https://weindiele.com/en/Egger-Ramer-Alto-Adige-Lagrein-Kretzer-DOC,https://weindiele.com/media/image/product/653/sm/rosewein-egger-ramer-suedtiroler-lagrein-kretzer-doc.jpg

https://weindiele.com/en/Elena-Walch-Vigneti-delle-Dolomiti-Rose-IGT-20/26,https://weindiele.com/media/image/product/1340/sm/rosewein-elena-walch-weinberg-dolomiten-rose-igt-20-26.jpg

https://weindiele.com/en/Hofstaetter-Alto-Adige-Lagrein-Rose-DOC,https://weindiele.com/media/image/product/732/sm/rosewein-hofstaetter-suedtiroler-lagrein-rose-doc.jpg

https://weindiele.com/en/Klosterhof-Alto-Adige-Blauburgunder-Rose-DOC-Summer,https://weindiele.com/media/image/product/1363/sm/rosewein-klosterhof-suedtiroler-blauburgunder-rose-doc-summer.jpg

https://weindiele.com/en/Kobler-Alto-Adige-Merlot-Kretzer-DOC-Kotzner,https://weindiele.com/media/image/product/1162/sm/rosewein-kobler-suedtiroler-merlot-kretzer-doc-kotzner.jpg

https://weindiele.com/en/Lageder-Alto-Adige-Lagrein-Rose-DOC,https://weindiele.com/media/image/product/801/sm/rosewein-lageder-suedtiroler-lagrein-rose-doc.jpg

https://weindiele.com/en/Manincor-Vigneti-delle-Dolomiti-Rose-IGT-La-Rose-De-Manincor-ORGANIC,https://weindiele.com/media/image/product/251/sm/de-rosewein-manincor-weinberg-dolomiten-rose-igt-la-rose-de-manincor-bio.jpg

https://weindiele.com/en/Meraner-Kellerei-Rose-Rosalie,https://weindiele.com/media/image/product/102/sm/de-rosewein-meraner-kellerei-rose-rosalie.jpg

https://weindiele.com/en/Muri-Gries-Alto-Adige-Lagrein-Kretzer-DOC,https://weindiele.com/media/image/product/183/sm/de-rosewein-muri-gries-suedtiroler-lagrein-kretzer-doc.jpg

https://weindiele.com/en/Nals-Alto-Adige-Lagrein-Rose-DOC-Rose,https://weindiele.com/media/image/product/1721/sm/rosewein-nals-suedtiroler-lagrein-rose-doc-rose.jpg

https://weindiele.com/en/Nusserhof-Mitterberg-Lagrein-Rose-IGT-ORGANIC,https://weindiele.com/media/image/product/1008/sm/rosewein-nusserhof-mitterberg-lagrein-rose-igt-bio.jpg

https://weindiele.com/en/Rottensteiner-Alto-Adige-Lagrein-Rose-DOC,https://weindiele.com/media/image/product/1314/sm/rosewein-rottensteiner-suedtiroler-lagrein-rose-doc.jpg

https://weindiele.com/en/Schmid-Alto-Adige-Lagrein-Kretzer-DOC-Grieser,https://weindiele.com/media/image/product/261/sm/de-rosewein-schmid-suedtiroler-lagrein-kretzer-doc-grieser.jpg

https://weindiele.com/en/St-Pauls-Kellerei-Alto-Adige-Merlot-Rose-DOC-Meris,https://weindiele.com/media/image/product/1292/sm/rosewein-st-pauls-kellerei-suedtiroler-merlot-rose-doc-meris.jpg

https://weindiele.com/en/Tramin-Kellerei-Vigneti-delle-Dolomiti-Rose-IGT-T-,https://weindiele.com/media/image/product/1806/sm/rosewein-tramin-kellerei-weinberg-dolomiten-rose-igt-t-.jpg

https://weindiele.com/en/Unterganzner-Alto-Adige-Lagrein-Kretzer-DOC,https://weindiele.com/media/image/product/650/sm/rosewein-unterganzner-suedtiroler-lagrein-kretzer-doc.jpg
